source_folder,filename,size_MB,last_modified,sha256,used_in_paper
checkpoints,best_densenet121_v4_xrv.pth,27.1,2026-06-07 08:09,517fb6694fffc7a3c5842d4f0ecd3c62044e4fc17de11acda5d22865c410d3d7,"Table 4 -- DenseNet-121, TorchXRayVision"
checkpoints,best_resnet50_v5_xrv.pth,90.2,2026-06-08 08:43,84d2352d0a36fcdb86b1bad6e069a738d07581c3b307c72063aee049b897f179,"Table 4 -- ResNet-50, TorchXRayVision"
checkpoints,best_efficientnet_b7_asl.pth,245.1,2026-06-11 07:47,9b91f7dd1876823891bd61d84b91cb560a221d2a2d9ef97fcf84379263b462b8,"Table 4 -- EfficientNet-B7, ImageNet-22k"
checkpoints,best_convnext_base_22k.pth,334.2,2026-06-13 04:13,2b1642c5c8b720c49f251b1f012c23d58b10d0c96d7a4ea4ca05bd073a50d334,"Table 4 -- ConvNeXt, ImageNet-22k (pre-intervention / reference for ablation C0)"
checkpoints,best_swin_v2.pth,331.7,2026-06-19 16:10,17d5718956c8b7b13b77993756b015e4790ebd1b55d833b7fe4103d7fd971b4b,"Table 4 -- SwinV2, ImageNet-22k"
checkpoints,best_swin_biomedical_v2.pth,331.1,2026-06-21 08:45,9685f60e0e7e9cf37e068b661db5267779547c2759bd0cf8bc5cc3e21a44e805,"Table 4 -- SwinV2, radiology-pretrained"
checkpoints,best_debiased_convnext.pth,334.2,2026-07-04 18:53,e960e7028a583bbd50995398c0b611d3d2ad29c54f5e1b8ec9f267605e14e23f,"Table 4/7 -- ConvNeXt post-intervention (original single-instance reference, superseded by ablation C6 seeds)"
ablation_checkpoints,C0_baseline_seed42.pth,334.2,2026-08-13 02:30,8de88d01370267bf715a719cf27b16e5dfc719675366a702c28cf54fbdb8b98d,"Ablation -- C0 baseline, seed 42"
ablation_checkpoints,C0_baseline_seed123.pth,334.2,2026-08-13 09:57,8a59853cd99a79aa1bd45d287961dc083abcebeec22ceb0183cfebb92c754c10,"Ablation -- C0 baseline, seed 123"
ablation_checkpoints,C0_baseline_seed2026.pth,334.2,2026-08-13 17:24,9d013def008b4ddd0fb47bfd193c58b0e760b3512cd8368103aed36bc5213959,"Ablation -- C0 baseline, seed 2026"
ablation_checkpoints,C1_crop_only_seed42.pth,334.2,2026-08-14 00:53,13d5af00b2b7069c986c87d74871abc87513415feecf0468b84f6db79056a906,"Ablation -- C1 crop only, seed 42"
ablation_checkpoints,C1_crop_only_seed123.pth,334.2,2026-08-14 08:21,d05329bfd0f2515b1a9d7df53125b1f8fcdfc93d77f7fc517d0136af9a0df23e,"Ablation -- C1 crop only, seed 123"
ablation_checkpoints,C1_crop_only_seed2026.pth,334.2,2026-08-14 15:48,50ece5c2d1d2b30620b05cb4e3dfa8eba6e6a0fe8cc8e2db666615aa16d3958c,"Ablation -- C1 crop only, seed 2026"
ablation_checkpoints,C2_bce_only_seed42.pth,334.2,2026-08-14 23:18,53ffebf352fc95fee35dc76470ad10daa798df90bb00aacbd05b215b37cd64cb,"Ablation -- C2 loss only, seed 42"
ablation_checkpoints,C2_bce_only_seed123.pth,334.2,2026-08-15 06:45,e2e865d6ddc20e6c4e15c49d6033133441ae5900599452c8952e8dd07a94ab56,"Ablation -- C2 loss only, seed 123"
ablation_checkpoints,C2_bce_only_seed2026.pth,334.2,2026-08-15 14:13,2f3e79a540673c50711b863ecfff728671e5ccffe8f4f003264fa69717b7bfa7,"Ablation -- C2 loss only, seed 2026"
ablation_checkpoints,C3_schedule_only_seed42.pth,334.2,2026-08-15 21:44,f019273e688cb3003f62d1c2a336bc7efa6f6c98fdf5ad3e1015ccf3a131551b,"Ablation -- C3 schedule only, seed 42"
ablation_checkpoints,C3_schedule_only_seed123.pth,334.2,2026-08-16 05:13,95c31ef5b1d3ad89d07afe53df8b9ab626fdb5a2123ed1aca79c40bb36021ea7,"Ablation -- C3 schedule only, seed 123"
ablation_checkpoints,C3_schedule_only_seed2026.pth,334.2,2026-08-16 12:42,3f4210870065a0cc1dbac36175662ad2fc6a7d53aba9dca9fe3ac6940251cf66,"Ablation -- C3 schedule only, seed 2026"
ablation_checkpoints,C4_noaug_only_seed42.pth,334.2,2026-08-16 20:14,a276f2afb15654922844f498fef5e8e389579c85e121ff4d44038ca4d40e80e7,"Ablation -- C4 augmentation removed, seed 42"
ablation_checkpoints,C4_noaug_only_seed123.pth,334.2,2026-08-17 03:43,71d8c0da0a73f465143feb5c1e7d7a9ef53b68bef41dd7b5af8c56577dcd7ab6,"Ablation -- C4 augmentation removed, seed 123"
ablation_checkpoints,C4_noaug_only_seed2026.pth,334.2,2026-08-17 11:12,16b145692b48d9f3bd8e759c5751552dfc9539f9d5c1a285f2f44cbe411b537e,"Ablation -- C4 augmentation removed, seed 2026"
ablation_checkpoints,C5_crop_bce_seed42.pth,334.2,2026-08-17 19:25,7c4150ca1a400e3424bd7b0717f6ded3ccbcec52c6fc22ac117091c9b3eacb7c,"Ablation -- C5 crop + loss, seed 42"
ablation_checkpoints,C5_crop_bce_seed123.pth,334.2,2026-08-18 02:09,afc8f33e6fd4baf580a40bb0b364afc3a8450ef5c50f17216e18c06fde81822f,"Ablation -- C5 crop + loss, seed 123"
ablation_checkpoints,C5_crop_bce_seed2026.pth,334.2,2026-08-18 10:21,7777ede803bb380b28f8381a7206978e08290b7697d34e7e427779506e71740b,"Ablation -- C5 crop + loss, seed 2026"
ablation_checkpoints,C6_full_combined_seed42.pth,334.2,2026-08-18 17:06,c1f5d6117025179a81e0370b8210604f4b203ffcd632ba0a87e68d97410e47a8,"Ablation -- C6 full combination, seed 42"
ablation_checkpoints,C6_full_combined_seed123.pth,334.2,2026-08-19 00:33,8675400df00b5c6a68978fb9200871691e6d3b8a4f89ec47bf6afe2cef643b51,"Ablation -- C6 full combination, seed 123"
ablation_checkpoints,C6_full_combined_seed2026.pth,334.2,2026-08-19 08:00,063ae9f12f139316206a25b8096c6203e09ad4f022b390ad1e0675a493ff324d,"Ablation -- C6 full combination, seed 2026"
NOT_AVAILABLE,(never uploaded),,,,"Table 4 -- ResNet-50, ImageNet (pure) -- trained locally by the student before migrating to the GPU server; checkpoint was never uploaded and is not recoverable. Only the metrics reported in Table 4 are verifiable for this configuration, not the model itself."
NOT_AVAILABLE,(never uploaded),,,,"Table 4 -- DenseNet-121, ImageNet (pure) -- trained locally by the student before migrating to the GPU server; checkpoint was never uploaded and is not recoverable. Only the metrics reported in Table 4 are verifiable for this configuration, not the model itself."
