condition,seed,class,brier,nll,ece,calibration_slope,calibration_intercept,bin_counts
C0_baseline,42,Atelectasis,0.16528949949009927,0.5170286077348176,0.29486254667812845,3.157401848140981,-1.3974760320193087,"[0, 0, 2446, 6768, 4680, 1923, 419, 50, 0, 0]"
C0_baseline,42,Cardiomegaly,0.10926583950338899,0.38925689615727566,0.29242833804832374,3.2312996179563047,-2.5717192778678934,"[0, 2015, 6539, 4589, 2012, 827, 241, 62, 1, 0]"
C0_baseline,42,Effusion,0.1574145249210083,0.49741087117222776,0.28865730168672477,3.075418023855384,-1.8611063988958891,"[0, 83, 4622, 4777, 2962, 2135, 1318, 389, 0, 0]"
C0_baseline,42,Infiltration,0.24079000529187097,0.6745011635584984,0.3396426122841704,3.188866628579145,-1.8871499449835094,"[0, 0, 10, 1039, 7129, 6721, 1386, 1, 0, 0]"
C0_baseline,42,Mass,0.118515762827009,0.41412341588732415,0.28300550669225094,3.1996293380488106,-1.6048667561104006,"[0, 149, 7511, 5483, 2105, 684, 277, 77, 0, 0]"
C0_baseline,42,Nodule,0.13514733670804305,0.4536825805660737,0.29876826444737814,3.177212356226014,-1.4228350557927942,"[0, 0, 3698, 9397, 2362, 615, 200, 14, 0, 0]"
C0_baseline,42,Pneumonia,0.09762376258453777,0.3690082053966524,0.2895332657546359,3.41577185482358,-2.0139126201012556,"[0, 273, 8791, 5960, 1241, 21, 0, 0, 0, 0]"
C0_baseline,42,Pneumothorax,0.1143678624667975,0.40269794150669364,0.2714822106514798,2.9791720434782603,-1.7191778212547701,"[0, 606, 8000, 4552, 1671, 820, 549, 86, 2, 0]"
C0_baseline,42,Consolidation,0.12468813640165902,0.4276786770670238,0.29681697719206684,3.1991739717633854,-1.6263646658581885,"[0, 135, 6858, 5280, 3498, 513, 2, 0, 0, 0]"
C0_baseline,42,Edema,0.0880677156737286,0.33654897432009406,0.25747179833685374,3.4243786089411263,-2.1692876930528677,"[5, 4457, 6380, 3149, 1509, 680, 103, 3, 0, 0]"
C0_baseline,42,Emphysema,0.08529705528326051,0.333672592585547,0.25295287233175734,3.1056413595364614,-2.014592787019947,"[1, 3257, 7836, 3776, 744, 330, 232, 102, 8, 0]"
C0_baseline,42,Fibrosis,0.0992094010717849,0.3724344189043128,0.2868711975770601,4.236965841314714,-1.3405289441869523,"[0, 261, 8567, 6158, 1223, 77, 0, 0, 0, 0]"
C0_baseline,42,Pleural_Thickening,0.13502860535405373,0.4507715602820304,0.3230091650098244,3.1059232224107,-2.2478710390743335,"[0, 202, 5057, 6390, 3362, 1236, 39, 0, 0, 0]"
C0_baseline,42,Hernia,0.033391277003057794,0.19463323139472563,0.17317076768347045,4.015018595834359,-1.583845798401328,"[492, 11288, 4225, 238, 30, 6, 6, 1, 0, 0]"
C0_baseline,123,Atelectasis,0.18103221940231617,0.5496847730163478,0.3206743442361537,3.0588363337846878,-1.8646750781613854,"[0, 2, 2030, 5707, 4389, 3202, 856, 98, 2, 0]"
C0_baseline,123,Cardiomegaly,0.08967307437339804,0.34339434445717454,0.2598690375025175,3.0909629034654214,-2.0052298963824207,"[0, 3107, 7607, 3734, 1224, 440, 142, 28, 4, 0]"
C0_baseline,123,Effusion,0.14264757553845975,0.4634295982124191,0.262935780479553,2.8766671013567664,-1.5739322012803294,"[0, 633, 5774, 3857, 2859, 1804, 984, 372, 3, 0]"
C0_baseline,123,Infiltration,0.23991863900744603,0.6727818675620799,0.33986064471079447,2.521288841388307,-1.8744061198942499,"[0, 0, 56, 1533, 6728, 6081, 1746, 142, 0, 0]"
C0_baseline,123,Mass,0.16842610147557352,0.5232936289880804,0.35744575063981326,3.121392551563398,-2.7787559027304134,"[0, 0, 2580, 6348, 4257, 2079, 756, 245, 21, 0]"
C0_baseline,123,Nodule,0.15447277038249582,0.493815188940559,0.32686830640304554,2.7912629003169815,-2.0713717527924294,"[0, 2, 3280, 7111, 3916, 1482, 468, 27, 0, 0]"
C0_baseline,123,Pneumonia,0.10754275522416264,0.393791276271928,0.30783035489868593,4.242959235439362,-1.7217191921736603,"[0, 10, 6482, 8504, 1273, 17, 0, 0, 0, 0]"
C0_baseline,123,Pneumothorax,0.12580633223725993,0.4285676210903414,0.2892736319980351,3.1583313968586606,-1.914344143918226,"[0, 325, 6861, 4998, 2408, 1005, 638, 51, 0, 0]"
C0_baseline,123,Consolidation,0.13167771266537737,0.44292171932059576,0.30759434019341764,3.234080148793497,-1.7977558754801963,"[0, 101, 6104, 5281, 4045, 754, 1, 0, 0, 0]"
C0_baseline,123,Edema,0.07660680970728113,0.31026750379805024,0.23833729035773057,3.542234047388785,-1.4977796187337362,"[0, 5175, 6841, 2893, 1056, 298, 22, 1, 0, 0]"
C0_baseline,123,Emphysema,0.08235280980935362,0.3275192614528819,0.2478740198911335,3.328912940458885,-1.6472295426027026,"[1, 3031, 8431, 3627, 697, 260, 172, 66, 1, 0]"
C0_baseline,123,Fibrosis,0.08134523217923119,0.32859460727057227,0.25443629745179913,4.334965937023202,-0.6029708072697099,"[0, 1638, 10062, 4126, 432, 28, 0, 0, 0, 0]"
C0_baseline,123,Pleural_Thickening,0.1576935245023069,0.5011181903314634,0.35669308388063364,3.045525746496048,-2.6678822520729106,"[0, 6, 2501, 7587, 4199, 1731, 261, 1, 0, 0]"
C0_baseline,123,Hernia,0.04054881829109071,0.216660035089665,0.1905605702173032,3.4591221711306175,-2.7364485834148002,"[126, 9986, 5441, 595, 98, 33, 4, 3, 0, 0]"
C0_baseline,2026,Atelectasis,0.17738640488057456,0.5421691292601499,0.3150156200650866,2.9361682074315065,-1.78521923758934,"[0, 0, 2108, 6057, 4408, 2800, 814, 96, 3, 0]"
C0_baseline,2026,Cardiomegaly,0.09056592582131617,0.3452506466621049,0.2607717643446519,3.400235142297694,-1.8372796460881062,"[0, 3495, 6746, 4107, 1442, 385, 95, 16, 0, 0]"
C0_baseline,2026,Effusion,0.1535651220028961,0.49020110905906433,0.28052283850116666,3.330474608855395,-1.5539430295890608,"[0, 12, 4523, 5232, 3357, 2054, 902, 206, 0, 0]"
C0_baseline,2026,Infiltration,0.23078004881766226,0.6541484564962216,0.3250235672424169,2.9662601179235537,-1.7070894810789246,"[0, 0, 41, 1636, 8487, 4954, 1168, 0, 0, 0]"
C0_baseline,2026,Mass,0.15166996077695288,0.4879812019921553,0.33402410263539234,3.623886549237391,-2.2517228681615267,"[0, 6, 3392, 6869, 4038, 1441, 494, 46, 0, 0]"
C0_baseline,2026,Nodule,0.17126507080901265,0.5321397101058454,0.35289537845204466,3.9268273461718466,-1.9074429628703984,"[0, 0, 160, 8412, 6276, 1214, 223, 1, 0, 0]"
C0_baseline,2026,Pneumonia,0.10394440458957631,0.3855843730611479,0.30203463474702197,4.456632948399464,-1.4528960446883656,"[0, 2, 7492, 7707, 1085, 0, 0, 0, 0, 0]"
C0_baseline,2026,Pneumothorax,0.12627183647935264,0.4320641413304265,0.29216896690838756,3.530924147974878,-1.661309523402051,"[0, 78, 6203, 6426, 2196, 914, 433, 36, 0, 0]"
C0_baseline,2026,Consolidation,0.14541335916118797,0.47439020902534146,0.3297883862225224,3.298005795679907,-2.03181998452042,"[0, 0, 4171, 6550, 4248, 1314, 3, 0, 0, 0]"
C0_baseline,2026,Edema,0.10593804682002621,0.38487379338762917,0.29332633697286015,4.7786850754886965,-1.7398288963318707,"[0, 1117, 6901, 5615, 2217, 426, 10, 0, 0, 0]"
C0_baseline,2026,Emphysema,0.07868604361023311,0.31936524328215543,0.24172518516873387,3.1966683069884514,-1.50228623290856,"[2, 2939, 9227, 3257, 437, 209, 137, 69, 9, 0]"
C0_baseline,2026,Fibrosis,0.0998717165114464,0.373452418597155,0.28761570980781037,4.076041704935976,-1.528512206390549,"[0, 431, 8321, 6011, 1396, 127, 0, 0, 0, 0]"
C0_baseline,2026,Pleural_Thickening,0.13599359795227148,0.45459461391306144,0.32674741017499687,3.7508640957402073,-1.9826895152024337,"[0, 67, 4018, 7813, 3567, 805, 16, 0, 0, 0]"
C0_baseline,2026,Hernia,0.04121104826628287,0.22127204072257106,0.19518003334980966,4.382578534736795,-1.564651301114739,"[26, 9247, 6630, 341, 31, 5, 5, 1, 0, 0]"
C1_crop_only,42,Atelectasis,0.16556664913256985,0.517733297480921,0.2957686806269188,3.0076354787152013,-1.4457961187813437,"[0, 0, 2331, 7014, 4463, 1923, 483, 72, 0, 0]"
C1_crop_only,42,Cardiomegaly,0.1071291721132152,0.383971221841747,0.2885986868846249,3.3060871570667465,-2.5063596581845013,"[0, 2239, 6536, 4445, 1998, 790, 240, 38, 0, 0]"
C1_crop_only,42,Effusion,0.16066959467904712,0.5052834494410741,0.29360438047893894,3.176204906445484,-1.8571994891578019,"[0, 15, 3976, 5354, 3165, 2135, 1295, 345, 1, 0]"
C1_crop_only,42,Infiltration,0.24715910710279235,0.6874783112504524,0.3474031740218593,3.3271266042013297,-1.964139985973589,"[0, 0, 0, 393, 6992, 7580, 1319, 2, 0, 0]"
C1_crop_only,42,Mass,0.12085207532931382,0.42028213676274007,0.28724295119980353,3.214409810362157,-1.6117500142859043,"[0, 31, 7273, 5894, 2062, 650, 309, 65, 2, 0]"
C1_crop_only,42,Nodule,0.13755197556094345,0.4594076365069893,0.303186100757706,3.2253764631178012,-1.4430968401910649,"[0, 0, 2721, 10342, 2378, 613, 217, 15, 0, 0]"
C1_crop_only,42,Pneumonia,0.09771646684993257,0.36973511646618784,0.29020940849932464,3.5177901788059645,-1.9188901042976845,"[0, 150, 8784, 6258, 1084, 10, 0, 0, 0, 0]"
C1_crop_only,42,Pneumothorax,0.1205511532145597,0.41730529465763155,0.28239492014552375,2.944762952363134,-1.8861191328026454,"[0, 282, 7758, 4791, 1808, 931, 594, 120, 2, 0]"
C1_crop_only,42,Consolidation,0.12514373873156814,0.42916412624066413,0.29817444257460396,3.267873263143647,-1.5947538896006666,"[0, 68, 6649, 5701, 3382, 484, 2, 0, 0, 0]"
C1_crop_only,42,Edema,0.09069157303164842,0.34458841283032066,0.2637710471605673,3.564713968682675,-2.107879489222572,"[1, 3573, 7014, 3408, 1585, 629, 76, 0, 0, 0]"
C1_crop_only,42,Emphysema,0.08639851009863599,0.33691315739453664,0.2555368977783986,3.0002409449103546,-2.1016766585730147,"[0, 2977, 8087, 3856, 671, 322, 241, 122, 10, 0]"
C1_crop_only,42,Fibrosis,0.0962191563969842,0.36551159429148405,0.28202442204101685,4.160149351526204,-1.286771234007026,"[0, 213, 9282, 5663, 1041, 87, 0, 0, 0, 0]"
C1_crop_only,42,Pleural_Thickening,0.13251091364505685,0.44506369762199827,0.3190086877661796,2.9094967943408294,-2.2758654697726066,"[0, 200, 5467, 6326, 3037, 1176, 80, 0, 0, 0]"
C1_crop_only,42,Hernia,0.03458381896791443,0.1987488243451499,0.17627681077624954,4.997718073067399,-0.3683073662902215,"[384, 11052, 4593, 231, 25, 1, 0, 0, 0, 0]"
C1_crop_only,123,Atelectasis,0.17828980350294024,0.5439114160539873,0.31598411187707237,3.0585476044903883,-1.7887062532381062,"[0, 1, 2184, 5773, 4388, 3107, 758, 75, 0, 0]"
C1_crop_only,123,Cardiomegaly,0.0920856023785204,0.3497165157145833,0.26447506236073925,3.1982413782471526,-1.9913927313878375,"[0, 2898, 7498, 3949, 1320, 462, 132, 27, 0, 0]"
C1_crop_only,123,Effusion,0.14074373607970206,0.45944930026694625,0.2597294042109788,2.9068651390558022,-1.5062027919923213,"[0, 495, 6074, 3819, 2875, 1744, 953, 325, 1, 0]"
C1_crop_only,123,Infiltration,0.2357629162995678,0.66431154091202,0.33382498144357114,2.464843353568086,-1.8099901060244326,"[0, 0, 86, 1734, 7192, 5537, 1588, 149, 0, 0]"
C1_crop_only,123,Mass,0.15976304787408627,0.5059351076257256,0.3473638782365222,3.2541446052775242,-2.524689240661139,"[0, 0, 2061, 7732, 4204, 1541, 534, 195, 19, 0]"
C1_crop_only,123,Nodule,0.1503668025145148,0.4855356647257499,0.3219622398305293,2.914257079763392,-1.952782200643702,"[0, 1, 3177, 7697, 3778, 1218, 377, 38, 0, 0]"
C1_crop_only,123,Pneumonia,0.10738547529374391,0.39350307962065195,0.30765925230504726,4.22765921499003,-1.7214589878004862,"[0, 12, 6463, 8542, 1253, 16, 0, 0, 0, 0]"
C1_crop_only,123,Pneumothorax,0.12676702275147375,0.43127621310361547,0.2913930358209505,3.2095192442325313,-1.9002441865579744,"[0, 174, 6862, 5164, 2396, 1031, 608, 50, 1, 0]"
C1_crop_only,123,Consolidation,0.13238804449680416,0.4447162553368837,0.30898982027201277,3.294417776082993,-1.7880252718260696,"[0, 58, 6054, 5331, 4085, 758, 0, 0, 0, 0]"
C1_crop_only,123,Edema,0.07590719143220356,0.30841127205619817,0.2369401845270171,3.5635351225204537,-1.4745456479564434,"[0, 5326, 6757, 2809, 1064, 312, 18, 0, 0, 0]"
C1_crop_only,123,Emphysema,0.08985054309514734,0.346170143689073,0.26189233897476355,3.4694067830326145,-1.8408485413280353,"[0, 2214, 8288, 4212, 1000, 301, 207, 63, 1, 0]"
C1_crop_only,123,Fibrosis,0.0834084759126223,0.33363419393398197,0.25838054506999875,4.229499175119743,-0.8014292736135522,"[0, 1400, 9969, 4311, 557, 49, 0, 0, 0, 0]"
C1_crop_only,123,Pleural_Thickening,0.15838748005557227,0.5032610936702211,0.3585874162759425,3.181557225573266,-2.6375278368750705,"[0, 0, 1892, 8375, 4080, 1713, 226, 0, 0, 0]"
C1_crop_only,123,Hernia,0.043678791496281,0.22664466675505737,0.19861362949029843,3.9198662323257687,-2.4979030271426566,"[37, 9132, 6248, 732, 104, 26, 6, 1, 0, 0]"
C1_crop_only,2026,Atelectasis,0.17766411592829623,0.5429552450545736,0.31564991526341646,2.95799347553373,-1.7796768132206304,"[0, 0, 1854, 6315, 4517, 2645, 853, 101, 1, 0]"
C1_crop_only,2026,Cardiomegaly,0.09442591172176894,0.3549408190874923,0.26786777874346057,3.387165630032513,-1.93170058364504,"[0, 3031, 6653, 4490, 1579, 418, 97, 18, 0, 0]"
C1_crop_only,2026,Effusion,0.1519541414914608,0.48634317361986806,0.2782948844369397,3.332468143439035,-1.5317007772280975,"[0, 66, 4690, 5016, 3402, 2029, 882, 200, 1, 0]"
C1_crop_only,2026,Infiltration,0.2306832828922036,0.6539438428712318,0.3245587616351467,2.9726309082149602,-1.6986135653374828,"[0, 0, 19, 1718, 8398, 5025, 1126, 0, 0, 0]"
C1_crop_only,2026,Mass,0.15470119302849233,0.4948680694487263,0.33900540112734867,3.7745668854984977,-2.292391312464541,"[0, 2, 2802, 7203, 4251, 1486, 480, 62, 0, 0]"
C1_crop_only,2026,Nodule,0.1726645636258142,0.5349917024699418,0.3548599190194031,4.243516920205201,-1.8808701731685034,"[0, 0, 239, 7823, 6790, 1245, 189, 0, 0, 0]"
C1_crop_only,2026,Pneumonia,0.10481085168422098,0.38750560214993807,0.30333002221846983,4.366871024791757,-1.5421101325202469,"[0, 1, 7337, 7765, 1183, 0, 0, 0, 0, 0]"
C1_crop_only,2026,Pneumothorax,0.12246989812768334,0.423150014445146,0.2855315327938107,3.303532008759031,-1.6415978457957694,"[0, 163, 6720, 6119, 1939, 856, 441, 47, 1, 0]"
C1_crop_only,2026,Consolidation,0.14248620269398052,0.46772011494188975,0.32513023501780675,3.26286365232314,-1.99232170953943,"[0, 6, 4540, 6400, 4129, 1209, 2, 0, 0, 0]"
C1_crop_only,2026,Edema,0.10479414218718036,0.38240776698072143,0.2918638909185804,4.732309964965065,-1.7397379355777682,"[0, 1101, 7062, 5626, 2039, 443, 15, 0, 0, 0]"
C1_crop_only,2026,Emphysema,0.0778842188726444,0.31730130573704424,0.23977448249367553,3.2799643897976107,-1.3790018288183363,"[5, 3104, 9110, 3273, 412, 181, 140, 60, 1, 0]"
C1_crop_only,2026,Fibrosis,0.09675310308950016,0.3656618928086922,0.2819240881990667,4.029803350776787,-1.4801946258519605,"[0, 734, 8584, 5571, 1267, 130, 0, 0, 0, 0]"
C1_crop_only,2026,Pleural_Thickening,0.13698198498020558,0.4567282969421481,0.3282183330535429,3.6434126812580936,-2.0532654677571447,"[0, 85, 3870, 7926, 3474, 899, 32, 0, 0, 0]"
C1_crop_only,2026,Hernia,0.04243054040034501,0.22538332749348755,0.1984544164744566,4.307220026975268,-1.714929022531393,"[5, 8886, 7019, 331, 28, 12, 3, 2, 0, 0]"
C2_bce_only,42,Atelectasis,0.0771925894960952,0.2634450126780423,0.023934167430031923,0.9134937704440663,0.15557124016197602,"[12405, 2057, 873, 443, 241, 138, 74, 37, 17, 1]"
C2_bce_only,42,Cardiomegaly,0.01986840969135517,0.07885711641758557,0.01893570187795469,0.9761907931948066,-0.8489781110097464,"[14584, 834, 345, 207, 128, 86, 43, 38, 21, 0]"
C2_bce_only,42,Effusion,0.06785740649818782,0.22867640265592176,0.009933199592195747,0.93735091663357,-0.14112562785492017,"[11432, 1724, 904, 628, 452, 414, 368, 281, 83, 0]"
C2_bce_only,42,Infiltration,0.12269122446596298,0.39870880586271645,0.019591415624186405,1.0523025548310738,-0.08379529511660586,"[4520, 6376, 2950, 1318, 772, 306, 44, 0, 0, 0]"
C2_bce_only,42,Mass,0.036161889730944106,0.13963419691196247,0.01252876901869827,0.9148556916457788,0.20245817003212235,"[14934, 621, 253, 176, 115, 86, 59, 35, 7, 0]"
C2_bce_only,42,Nodule,0.04576118338327224,0.17870338992337936,0.01935936943143805,0.9144530437862488,0.27171945477200915,"[15137, 578, 231, 131, 108, 77, 21, 3, 0, 0]"
C2_bce_only,42,Pneumonia,0.011392357878265813,0.05759595971786648,0.0011348730099803512,0.9714071994613208,-0.19840731729609623,"[16181, 102, 3, 0, 0, 0, 0, 0, 0, 0]"
C2_bce_only,42,Pneumothorax,0.038956300623734744,0.13928605104590192,0.008256605718146877,0.8629323131329302,-0.2508110082732346,"[14279, 654, 383, 283, 214, 197, 163, 88, 21, 4]"
C2_bce_only,42,Consolidation,0.034595326923283015,0.139832109063451,0.008663125305016577,0.8958783302768101,-0.019282636506856216,"[15059, 1119, 101, 7, 0, 0, 0, 0, 0, 0]"
C2_bce_only,42,Edema,0.016072338700325307,0.06430855220041966,0.0023522083481843288,0.983254639874128,-0.1738705824857676,"[15382, 510, 223, 116, 30, 15, 10, 0, 0, 0]"
C2_bce_only,42,Emphysema,0.01815930403557377,0.06898733396111414,0.003945923811738916,0.9106498401429173,-0.2968158629819233,"[15424, 252, 141, 129, 94, 82, 63, 59, 39, 3]"
C2_bce_only,42,Fibrosis,0.015240039943066497,0.06997246640345534,0.006048454220410168,1.1354049063616678,1.0140078135948407,"[16157, 114, 15, 0, 0, 0, 0, 0, 0, 0]"
C2_bce_only,42,Pleural_Thickening,0.027853851642145402,0.11574912550923788,0.00635117785886835,0.8187337932579088,-0.6494386275787736,"[14701, 1033, 369, 126, 39, 13, 3, 2, 0, 0]"
C2_bce_only,42,Hernia,0.0011844011149164896,0.007018699773267588,0.0006459982710580867,1.1818784004629275,0.7255936097036473,"[16266, 10, 4, 2, 4, 0, 0, 0, 0, 0]"
C2_bce_only,123,Atelectasis,0.0762855143439916,0.2588444197258323,0.006785238014122557,0.9210998555364815,-0.10074659520063163,"[11149, 2504, 1235, 643, 371, 197, 123, 42, 22, 0]"
C2_bce_only,123,Cardiomegaly,0.018031229573846872,0.07309191681856185,0.0016435241896156194,0.9747251171977924,-0.15413748240819858,"[15453, 422, 183, 95, 59, 27, 23, 17, 7, 0]"
C2_bce_only,123,Effusion,0.067495443788119,0.23067467307044628,0.018856625985929635,0.8932699827686594,0.12623765920195007,"[12442, 1439, 707, 460, 385, 288, 254, 196, 110, 5]"
C2_bce_only,123,Infiltration,0.12459080522400254,0.4025062278438901,0.02329254719976667,0.7672806502104209,-0.41577797620724266,"[6239, 5193, 2246, 1029, 632, 521, 360, 65, 1, 0]"
C2_bce_only,123,Mass,0.041178465143968376,0.15421695396396556,0.03852896491113226,0.877185704006438,-1.0184697875745918,"[12648, 1627, 675, 415, 260, 181, 165, 149, 124, 42]"
C2_bce_only,123,Nodule,0.04613139926447102,0.17590943980971824,0.009119695980252977,0.8276969344085976,-0.4791142856507566,"[13706, 1343, 548, 262, 190, 141, 79, 16, 1, 0]"
C2_bce_only,123,Pneumonia,0.011381169134445633,0.057448806581477524,0.0016103181707724414,1.078920490400954,0.1660311340259394,"[16222, 63, 1, 0, 0, 0, 0, 0, 0, 0]"
C2_bce_only,123,Pneumothorax,0.0395301577122359,0.14249595476781424,0.006104744636303571,0.8730787413537945,-0.28683088791633643,"[14125, 783, 390, 286, 260, 218, 153, 58, 12, 1]"
C2_bce_only,123,Consolidation,0.034680178939688215,0.13968578057553663,0.0041563840136252025,0.8539081767647716,-0.30766041767450186,"[14479, 1538, 253, 16, 0, 0, 0, 0, 0, 0]"
C2_bce_only,123,Edema,0.016304460047613278,0.06585154231815481,0.003712231108326168,0.985011508847794,0.1758337255969019,"[15670, 402, 149, 40, 18, 6, 1, 0, 0, 0]"
C2_bce_only,123,Emphysema,0.018816111629914957,0.07211066005431993,0.005628313828001966,0.9557525761801594,0.06331516920290137,"[15648, 222, 111, 72, 64, 52, 38, 40, 35, 4]"
C2_bce_only,123,Fibrosis,0.015333372645822223,0.0715804704526296,0.007850092294726144,1.0569379250932827,0.9302437331037748,"[16190, 82, 10, 4, 0, 0, 0, 0, 0, 0]"
C2_bce_only,123,Pleural_Thickening,0.03062494124374271,0.1252700361072598,0.026773106568070734,0.8264981514746917,-1.1041303838341923,"[13683, 1408, 610, 333, 159, 73, 16, 4, 0, 0]"
C2_bce_only,123,Hernia,0.0012226178843701228,0.007674563224153048,0.0011309826769994474,0.9797188948197011,-0.7327441781148817,"[16237, 26, 8, 5, 2, 3, 5, 0, 0, 0]"
C2_bce_only,2026,Atelectasis,0.07642957514698202,0.2600316793483612,0.014115788793030819,0.8380872894048268,-0.24049530200780753,"[11392, 2283, 1048, 650, 392, 218, 159, 107, 34, 3]"
C2_bce_only,2026,Cardiomegaly,0.018384395559356535,0.0776106757804421,0.004617521555013816,0.8995938301332673,-0.045588825146609134,"[15709, 340, 110, 48, 28, 21, 13, 10, 6, 1]"
C2_bce_only,2026,Effusion,0.06933102095965558,0.23545435420846417,0.024102463668539853,0.9394346970613903,0.2902048878865289,"[12514, 1534, 728, 482, 371, 263, 201, 148, 44, 1]"
C2_bce_only,2026,Infiltration,0.1230107726453415,0.39918868860690543,0.01953282886971632,0.8673504718277699,-0.07919702171534947,"[7451, 5134, 1684, 1006, 679, 302, 30, 0, 0, 0]"
C2_bce_only,2026,Mass,0.03552542556294476,0.1353548045431003,0.011557361634195016,1.0830460975578025,-0.10690742738174536,"[13884, 1154, 480, 323, 166, 146, 76, 41, 16, 0]"
C2_bce_only,2026,Nodule,0.04512738037379,0.1729555042768124,0.009249129554531497,1.1535196242329169,0.24312626192954404,"[14016, 1400, 452, 215, 131, 56, 15, 1, 0, 0]"
C2_bce_only,2026,Pneumonia,0.011377497257397446,0.05738463790730506,0.0005473171912194535,1.0798110038340385,0.263655370650394,"[16262, 24, 0, 0, 0, 0, 0, 0, 0, 0]"
C2_bce_only,2026,Pneumothorax,0.03934645490248928,0.14140711987359028,0.0071961419581014355,0.9458614290562686,-0.14913337418705133,"[14328, 733, 352, 261, 207, 156, 138, 79, 28, 4]"
C2_bce_only,2026,Consolidation,0.03483185821844965,0.1391916821650747,0.005261439796678125,0.8934687910774269,-0.40752073828232366,"[14008, 1719, 490, 66, 3, 0, 0, 0, 0, 0]"
C2_bce_only,2026,Edema,0.01599746459103721,0.06499225482991097,0.002980858425354291,1.1658032945789671,0.40666629350233474,"[15558, 508, 160, 40, 15, 5, 0, 0, 0, 0]"
C2_bce_only,2026,Emphysema,0.019180433350711637,0.07403779611812085,0.011185767325337348,0.9424301972534775,0.4602281332047162,"[15806, 146, 96, 63, 41, 38, 31, 31, 30, 4]"
C2_bce_only,2026,Fibrosis,0.01514169206819624,0.06813463628774531,0.0011448744107509523,1.043842639382072,0.07314386722069957,"[15885, 309, 61, 22, 8, 1, 0, 0, 0, 0]"
C2_bce_only,2026,Pleural_Thickening,0.027527962910623562,0.11407887327162029,0.008177602968347047,0.9798108561546006,-0.31640287814554985,"[14767, 1023, 338, 121, 33, 3, 1, 0, 0, 0]"
C2_bce_only,2026,Hernia,0.0012325602327941572,0.007220300171019453,0.0007537735725370871,1.273441536546674,0.9595593396555528,"[16266, 12, 3, 2, 1, 2, 0, 0, 0, 0]"
C3_schedule_only,42,Atelectasis,0.16517360078800492,0.5167854488645909,0.29465997412747147,3.1639840569349245,-1.392760829042389,"[0, 0, 2455, 6757, 4701, 1902, 421, 50, 0, 0]"
C3_schedule_only,42,Cardiomegaly,0.10952025689070438,0.38989112535126924,0.2928831703909493,3.2305697457304126,-2.578827882771173,"[0, 1974, 6545, 4595, 2030, 839, 239, 63, 1, 0]"
C3_schedule_only,42,Effusion,0.15738170278188685,0.49735878754690294,0.28859418634102907,3.0813125131841876,-1.8586258280952432,"[0, 79, 4637, 4776, 2962, 2126, 1328, 378, 0, 0]"
C3_schedule_only,42,Infiltration,0.24071022292939087,0.6743379350094558,0.3395328728859143,3.185223283802402,-1.8855160955919004,"[0, 0, 10, 1031, 7179, 6684, 1381, 1, 0, 0]"
C3_schedule_only,42,Mass,0.11861330239264464,0.41441117560378554,0.28343422314257644,3.2132454778091577,-1.5968336435783061,"[0, 139, 7483, 5511, 2129, 672, 279, 73, 0, 0]"
C3_schedule_only,42,Nodule,0.13519689218352565,0.4538117211851621,0.29886948015043596,3.1710363067856573,-1.4255968897662055,"[0, 0, 3661, 9456, 2336, 618, 201, 14, 0, 0]"
C3_schedule_only,42,Pneumonia,0.09762409410318529,0.3690122686029877,0.2895331552677146,3.412285046013073,-2.0154743596812703,"[0, 275, 8778, 5975, 1239, 19, 0, 0, 0, 0]"
C3_schedule_only,42,Pneumothorax,0.11409211969934167,0.40201396585508925,0.27097828614454134,2.988863814188203,-1.7113605298956467,"[0, 636, 7990, 4528, 1689, 814, 541, 86, 2, 0]"
C3_schedule_only,42,Consolidation,0.12455546376009143,0.4274087077103255,0.2966411701756109,3.2106077083846576,-1.617564913757496,"[0, 127, 6882, 5293, 3483, 499, 2, 0, 0, 0]"
C3_schedule_only,42,Edema,0.08836660039629292,0.33742625746627913,0.2581566394266855,3.434482910067273,-2.169233200675563,"[5, 4364, 6448, 3170, 1519, 676, 101, 3, 0, 0]"
C3_schedule_only,42,Emphysema,0.0859721681720603,0.3353975818769332,0.2542646262055754,3.114752815653642,-2.0316104764944645,"[0, 3180, 7846, 3821, 759, 333, 236, 105, 6, 0]"
C3_schedule_only,42,Fibrosis,0.09882625139530024,0.3715375004962033,0.2862247754899914,4.236528630846285,-1.3260338735334938,"[0, 272, 8629, 6114, 1193, 78, 0, 0, 0, 0]"
C3_schedule_only,42,Pleural_Thickening,0.1348011806934924,0.4502664121088073,0.32267524125138153,3.109195238082789,-2.2428336578172,"[0, 205, 5083, 6392, 3343, 1227, 36, 0, 0, 0]"
C3_schedule_only,42,Hernia,0.033175298215645965,0.19396940101383323,0.17267118150337718,3.9635251957546376,-1.6300404149956589,"[493, 11365, 4160, 224, 30, 7, 5, 2, 0, 0]"
C3_schedule_only,123,Atelectasis,0.18103586331553728,0.549623027583207,0.32059836564288346,3.017014157175766,-1.8717176566819518,"[0, 2, 2070, 5673, 4339, 3217, 883, 101, 1, 0]"
C3_schedule_only,123,Cardiomegaly,0.09001840440100499,0.3442910783706912,0.26050973991600146,3.093586850800477,-2.0114452206883864,"[0, 3081, 7653, 3694, 1242, 448, 137, 28, 3, 0]"
C3_schedule_only,123,Effusion,0.14345952890334113,0.46550813239479577,0.2645350338873879,2.886635738460084,-1.5796651246693076,"[0, 521, 5761, 3963, 2877, 1806, 980, 372, 6, 0]"
C3_schedule_only,123,Infiltration,0.23806773593332697,0.6689697535036356,0.3370974538216873,2.452087657407201,-1.8456771606575344,"[0, 0, 94, 1690, 6780, 5842, 1738, 142, 0, 0]"
C3_schedule_only,123,Mass,0.16927362390321835,0.5251048313205686,0.35860450815178674,3.111537631811851,-2.8008753965405453,"[0, 0, 2499, 6385, 4270, 2079, 768, 266, 19, 0]"
C3_schedule_only,123,Nodule,0.15446010647127714,0.49377368828432355,0.32684594202996436,2.7987763244168495,-2.068934055041101,"[0, 3, 3300, 7080, 3924, 1498, 455, 26, 0, 0]"
C3_schedule_only,123,Pneumonia,0.10823186438617075,0.3954693997245036,0.3090498297943019,4.342435045881014,-1.6788030370894627,"[0, 7, 6279, 8708, 1276, 16, 0, 0, 0, 0]"
C3_schedule_only,123,Pneumothorax,0.12611762648323221,0.4294433258711604,0.2898898506349012,3.177115288960418,-1.906348110773646,"[0, 262, 6867, 5067, 2408, 1000, 630, 52, 0, 0]"
C3_schedule_only,123,Consolidation,0.1322960155423962,0.4443661949170414,0.3086267022896967,3.249493924192133,-1.8030213137061433,"[0, 97, 6034, 5312, 4077, 765, 1, 0, 0, 0]"
C3_schedule_only,123,Edema,0.07694562434209688,0.3113556481279397,0.23920436456963032,3.5835911343424747,-1.4758124880966497,"[0, 5054, 6949, 2894, 1079, 287, 22, 1, 0, 0]"
C3_schedule_only,123,Emphysema,0.08304618977646214,0.329296402588137,0.2492007873965369,3.36821486635518,-1.6511831427520494,"[1, 2918, 8444, 3695, 717, 275, 173, 63, 0, 0]"
C3_schedule_only,123,Fibrosis,0.08216539871191089,0.3307817136663206,0.25612554463035736,4.393007493935228,-0.5803929109842796,"[0, 1480, 10127, 4215, 442, 22, 0, 0, 0, 0]"
C3_schedule_only,123,Pleural_Thickening,0.15835731501473185,0.5026821617026749,0.35771425479184576,3.044765066767799,-2.6743193641436043,"[0, 4, 2344, 7724, 4210, 1736, 268, 0, 0, 0]"
C3_schedule_only,123,Hernia,0.03934338771620499,0.2130862512102444,0.18788427760684023,3.7925310256937,-2.4110398888441407,"[129, 10297, 5210, 525, 93, 25, 5, 2, 0, 0]"
C3_schedule_only,2026,Atelectasis,0.17678315916982626,0.5408918202488372,0.3140700073296083,2.9448812820147214,-1.772280676635352,"[0, 0, 2141, 6088, 4367, 2788, 805, 95, 2, 0]"
C3_schedule_only,2026,Cardiomegaly,0.08932614230278899,0.3415696761780735,0.2577943861253838,3.3047820505335253,-1.860191907441176,"[0, 3911, 6405, 4041, 1429, 386, 96, 18, 0, 0]"
C3_schedule_only,2026,Effusion,0.1523703074616155,0.4874266264670588,0.27861040003806953,3.293851048049534,-1.5486765907150932,"[0, 14, 4758, 5092, 3248, 2055, 917, 202, 0, 0]"
C3_schedule_only,2026,Infiltration,0.23171831286500597,0.6560990896680267,0.326362175354292,3.0210340955817387,-1.7191982243608337,"[0, 0, 24, 1537, 8541, 5050, 1134, 0, 0, 0]"
C3_schedule_only,2026,Mass,0.15089748462529495,0.4863231799921971,0.3329719481880142,3.5907033977193064,-2.2515266563758733,"[0, 5, 3498, 6833, 3987, 1412, 496, 55, 0, 0]"
C3_schedule_only,2026,Nodule,0.17182755521723173,0.5332357139562595,0.3535795577440747,3.8761921264956656,-1.939117562605272,"[0, 0, 202, 8231, 6352, 1261, 238, 2, 0, 0]"
C3_schedule_only,2026,Pneumonia,0.10416325460175868,0.3859700631814361,0.30226677906422694,4.392125138401235,-1.5138267591568133,"[0, 1, 7552, 7577, 1156, 0, 0, 0, 0, 0]"
C3_schedule_only,2026,Pneumothorax,0.12265903090223607,0.423865307521005,0.2862033772927668,3.499032560372854,-1.5763157406860075,"[0, 76, 6769, 6138, 2008, 851, 411, 33, 0, 0]"
C3_schedule_only,2026,Consolidation,0.14531042208270498,0.4740746587240758,0.3294997771423308,3.2761297848888566,-2.038824950568578,"[0, 0, 4261, 6416, 4296, 1311, 2, 0, 0, 0]"
C3_schedule_only,2026,Edema,0.10582281125200353,0.38440518843741694,0.29295653474026767,4.719192082801413,-1.7845819021368599,"[0, 1180, 6862, 5568, 2218, 444, 14, 0, 0, 0]"
C3_schedule_only,2026,Emphysema,0.0772691232127079,0.3157058879359641,0.2389223810120349,3.1418473470703767,-1.4913794174767323,"[0, 3146, 9276, 3028, 426, 195, 132, 73, 10, 0]"
C3_schedule_only,2026,Fibrosis,0.09896673450955044,0.37126903321048094,0.2860307361138401,4.074194889846409,-1.5028199806678477,"[0, 452, 8498, 5844, 1365, 127, 0, 0, 0, 0]"
C3_schedule_only,2026,Pleural_Thickening,0.13656317187672898,0.45594219762178056,0.32767959865528673,3.741956163241554,-1.993780868681339,"[0, 46, 3892, 7955, 3573, 803, 17, 0, 0, 0]"
C3_schedule_only,2026,Hernia,0.038452112725990806,0.21284727536142836,0.18841065826077613,4.376820377706067,-1.3696692094813385,"[32, 10204, 5795, 224, 19, 6, 5, 1, 0, 0]"
C4_noaug_only,42,Atelectasis,0.16552918254153443,0.5173289008815857,0.29552512616787424,3.001960023991215,-1.4600625981483302,"[0, 1, 2595, 6617, 4519, 2006, 471, 76, 1, 0]"
C4_noaug_only,42,Cardiomegaly,0.0993210901175672,0.36445670227607885,0.2747034126316468,3.1790730174502184,-2.3917950455059644,"[1, 3190, 6367, 3968, 1830, 668, 210, 51, 1, 0]"
C4_noaug_only,42,Effusion,0.1524027534915851,0.4864772713193594,0.2805598027618813,2.9879967798549583,-1.7444541140319303,"[0, 92, 4995, 4775, 2916, 1939, 1187, 381, 1, 0]"
C4_noaug_only,42,Infiltration,0.23732106597451932,0.6674881528758713,0.33450164781161734,3.0513412444733046,-1.8130723023697417,"[0, 0, 8, 1159, 7540, 6312, 1265, 2, 0, 0]"
C4_noaug_only,42,Mass,0.11913484337977095,0.4148885188027477,0.2831699618893529,3.035819111489053,-1.7090290369214463,"[0, 266, 7365, 5356, 2183, 722, 296, 95, 3, 0]"
C4_noaug_only,42,Nodule,0.13114987078823181,0.4444071632172423,0.2923217757153383,3.0249057332378166,-1.4380260613431077,"[0, 1, 4638, 8731, 2031, 639, 230, 16, 0, 0]"
C4_noaug_only,42,Pneumonia,0.09005864316857261,0.35066000014999865,0.27628602721355766,3.3047769094304478,-1.8951822219393368,"[0, 545, 9857, 4943, 922, 19, 0, 0, 0, 0]"
C4_noaug_only,42,Pneumothorax,0.1134989509942573,0.40049076218379637,0.2694468702437677,2.976016656227117,-1.6741270422041805,"[0, 668, 8134, 4344, 1714, 851, 476, 95, 4, 0]"
C4_noaug_only,42,Consolidation,0.12150331742821537,0.41999385141723355,0.29095536716443565,2.9943622073033667,-1.6455924192251168,"[0, 321, 6918, 5301, 3235, 509, 2, 0, 0, 0]"
C4_noaug_only,42,Edema,0.081072360010359,0.31934772984714416,0.24502205953456957,3.1929458860081876,-2.0362016062907404,"[3, 5382, 6189, 2840, 1242, 525, 98, 7, 0, 0]"
C4_noaug_only,42,Emphysema,0.0874279701561121,0.33854726456831263,0.2560328740252978,2.871311535724208,-2.1587203703356996,"[0, 3233, 7669, 3821, 877, 329, 219, 111, 27, 0]"
C4_noaug_only,42,Fibrosis,0.09507626238313657,0.36238798287157464,0.2794712533415203,4.038808959974295,-1.3215436385844697,"[0, 455, 9132, 5574, 1041, 84, 0, 0, 0, 0]"
C4_noaug_only,42,Pleural_Thickening,0.1286991831831947,0.4361569601244036,0.3126320016799705,2.8555738399714423,-2.2204783187414123,"[0, 355, 5811, 6037, 2913, 1099, 71, 0, 0, 0]"
C4_noaug_only,42,Hernia,0.03115595966788681,0.1864154625047191,0.16621178608522658,3.945519090909712,-1.6452253517580973,"[786, 11773, 3436, 243, 34, 7, 7, 0, 0, 0]"
C4_noaug_only,123,Atelectasis,0.1789096003248373,0.545089026056283,0.3168916136853739,2.899695660231053,-1.8276278726733852,"[0, 8, 2196, 5849, 4216, 3081, 819, 113, 4, 0]"
C4_noaug_only,123,Cardiomegaly,0.09274402119902236,0.3512506957846766,0.2661177739186418,3.1496258797623358,-2.1149021248961946,"[0, 2807, 7603, 3895, 1289, 496, 158, 38, 0, 0]"
C4_noaug_only,123,Effusion,0.13574010055671348,0.44753837657810136,0.2506350248643006,2.7609261390195647,-1.436466074778907,"[0, 990, 6154, 3697, 2552, 1610, 938, 341, 4, 0]"
C4_noaug_only,123,Infiltration,0.23488982434905553,0.6624178805387521,0.33304005457509517,2.3480923030534475,-1.8171102893359357,"[0, 0, 139, 2105, 6587, 5441, 1865, 149, 0, 0]"
C4_noaug_only,123,Mass,0.1622372659413029,0.5104302534489197,0.3493381885889722,3.078062063380915,-2.6217411242102875,"[0, 1, 2652, 6863, 4110, 1807, 594, 240, 19, 0]"
C4_noaug_only,123,Nodule,0.1509713634368974,0.48632611514302687,0.3217738590685252,2.760963687664576,-2.0059282452388647,"[0, 15, 3465, 7268, 3770, 1320, 409, 39, 0, 0]"
C4_noaug_only,123,Pneumonia,0.10442892417876265,0.3861585794583498,0.30229336189180894,3.886194610705278,-1.8784329233610448,"[0, 20, 7670, 7206, 1360, 30, 0, 0, 0, 0]"
C4_noaug_only,123,Pneumothorax,0.1252055559977315,0.4280318366800157,0.28916664737197595,3.1409394782477293,-1.8701375824585564,"[0, 163, 7115, 5089, 2324, 921, 611, 62, 1, 0]"
C4_noaug_only,123,Consolidation,0.1317052073829786,0.44307164758555656,0.30741860052499076,3.055867705719749,-1.846483150865308,"[0, 69, 6237, 5225, 3962, 789, 4, 0, 0, 0]"
C4_noaug_only,123,Edema,0.07655431044469646,0.3102385873526732,0.23835585421435587,3.5157146114133884,-1.5166277993643,"[0, 5160, 6858, 2867, 1053, 321, 27, 0, 0, 0]"
C4_noaug_only,123,Emphysema,0.0890952096665397,0.3449714633383678,0.26079772128146866,3.418544099142059,-1.7667741286520595,"[0, 1928, 8747, 4224, 843, 294, 193, 56, 1, 0]"
C4_noaug_only,123,Fibrosis,0.07963491159774204,0.3239021295079566,0.25063554398440374,4.020276626696203,-0.7670841179606989,"[0, 1962, 10018, 3854, 422, 30, 0, 0, 0, 0]"
C4_noaug_only,123,Pleural_Thickening,0.1552975979682791,0.49625793118369493,0.3535958039279135,2.9579654644876587,-2.6335698227537216,"[0, 1, 2446, 8021, 3942, 1624, 251, 1, 0, 0]"
C4_noaug_only,123,Hernia,0.04527485160021623,0.2320833525443748,0.2030586399836056,4.339679961162643,-2.014681413104417,"[13, 8590, 6777, 788, 99, 17, 2, 0, 0, 0]"
C4_noaug_only,2026,Atelectasis,0.18022379927367682,0.5485183274838311,0.31961869067297066,2.9930671566512705,-1.8176800227748322,"[0, 0, 1561, 6403, 4577, 2811, 833, 99, 2, 0]"
C4_noaug_only,2026,Cardiomegaly,0.0840308383309023,0.3275408649708196,0.24751497722196977,3.291845405121382,-1.7691507910057893,"[2, 4776, 6148, 3557, 1320, 375, 88, 20, 0, 0]"
C4_noaug_only,2026,Effusion,0.15669992026169627,0.4973742725118673,0.2857934271650498,3.373646473445018,-1.5987366356084582,"[0, 12, 4013, 5471, 3607, 2055, 886, 241, 1, 0]"
C4_noaug_only,2026,Infiltration,0.2332468386837886,0.6591798763817529,0.32876680403843783,2.9962881876384446,-1.752920569680576,"[0, 0, 36, 1493, 8173, 5321, 1261, 2, 0, 0]"
C4_noaug_only,2026,Mass,0.14998917896414823,0.4846863730444586,0.33192532614761133,3.5882284712718744,-2.1907310333211507,"[0, 10, 3222, 7338, 3841, 1370, 442, 63, 0, 0]"
C4_noaug_only,2026,Nodule,0.1731877232153406,0.5361615360536007,0.3553136253886774,3.982155389755485,-1.918122794043545,"[0, 0, 247, 7841, 6746, 1248, 204, 0, 0, 0]"
C4_noaug_only,2026,Pneumonia,0.10711535513600347,0.39298088736073644,0.30723036525236397,4.468486077179496,-1.543176823667682,"[0, 3, 6604, 8469, 1209, 1, 0, 0, 0, 0]"
C4_noaug_only,2026,Pneumothorax,0.1268613002115417,0.43337162925830897,0.2930799032518728,3.5268460757842868,-1.668950987750969,"[0, 112, 6016, 6496, 2283, 929, 405, 45, 0, 0]"
C4_noaug_only,2026,Consolidation,0.14566697400038398,0.47522546450209713,0.3306392488837038,3.4133252354550083,-2.001025393758847,"[0, 4, 3864, 6935, 4182, 1295, 6, 0, 0, 0]"
C4_noaug_only,2026,Edema,0.10470825816095052,0.3820166311344063,0.29141861223075033,4.676229687942105,-1.750439522682595,"[0, 1217, 7011, 5515, 2105, 422, 16, 0, 0, 0]"
C4_noaug_only,2026,Emphysema,0.08685261256236024,0.339907247869356,0.25744020480388063,3.212192302604782,-1.775708637052855,"[1, 2014, 8910, 4224, 643, 233, 167, 86, 8, 0]"
C4_noaug_only,2026,Fibrosis,0.10805550416654298,0.3923306916178094,0.30085382666891813,4.031160298974231,-1.815507922148031,"[0, 354, 6992, 6848, 1884, 204, 4, 0, 0, 0]"
C4_noaug_only,2026,Pleural_Thickening,0.14658709529909855,0.47801365137159907,0.3425098011691022,3.8129510675005247,-2.1887666973297946,"[0, 16, 2792, 8107, 4261, 1079, 31, 0, 0, 0]"
C4_noaug_only,2026,Hernia,0.0442230700132761,0.23080936783692,0.2026631921877686,4.7559674154007965,-1.4318232575443086,"[3, 8343, 7444, 447, 35, 10, 4, 0, 0, 0]"
C5_crop_bce,42,Atelectasis,0.0777811290648298,0.2665575672388002,0.02531430096584797,0.7791273976718641,-0.14819887703879311,"[12246, 2011, 853, 454, 274, 182, 133, 85, 43, 5]"
C5_crop_bce,42,Cardiomegaly,0.018468532578845957,0.07471667339314433,0.005763341113988089,0.8328635343133978,-0.36048098180916444,"[15478, 422, 148, 91, 45, 35, 33, 22, 12, 0]"
C5_crop_bce,42,Effusion,0.06874812692441118,0.2367120619893326,0.025677415152980474,0.8311215827689427,0.16678186767898465,"[12922, 1164, 609, 434, 329, 286, 236, 182, 113, 11]"
C5_crop_bce,42,Infiltration,0.12379725961157993,0.40220132481270676,0.025265891273044346,0.8122475392864481,-0.13100387010923564,"[8187, 4632, 1500, 919, 606, 334, 93, 14, 1, 0]"
C5_crop_bce,42,Mass,0.03651513875693979,0.13849294605371387,0.009131320221047524,0.83474413072536,-0.5270581805902624,"[14253, 840, 383, 211, 153, 130, 94, 92, 95, 35]"
C5_crop_bce,42,Nodule,0.04675153804754166,0.1765696213984408,0.019436525730001233,0.8682160552479793,-0.6444762771964495,"[13369, 1462, 542, 310, 214, 178, 113, 77, 21, 0]"
C5_crop_bce,42,Pneumonia,0.011494675193348685,0.0581712164043043,0.002563604889424659,0.8065860046107469,-0.9037933942666146,"[16001, 262, 18, 5, 0, 0, 0, 0, 0, 0]"
C5_crop_bce,42,Pneumothorax,0.038453218029778045,0.1385549466680217,0.012581833676417166,0.8085074064810868,-0.17845790086368116,"[14533, 548, 309, 227, 208, 188, 132, 91, 47, 3]"
C5_crop_bce,42,Consolidation,0.035608232076634216,0.14232248241550868,0.009967536960119119,0.8009316652896928,-0.7315430275441677,"[13864, 1664, 511, 175, 56, 13, 3, 0, 0, 0]"
C5_crop_bce,42,Edema,0.016245922937354378,0.06471913777963949,0.005177966509980289,0.8927624740269986,-0.5423586980170262,"[15243, 507, 266, 143, 71, 29, 12, 13, 2, 0]"
C5_crop_bce,42,Emphysema,0.018420844949275792,0.07245061128853511,0.010038583605303204,0.8186076727057976,0.06575511800860333,"[15717, 124, 100, 89, 56, 65, 57, 41, 33, 4]"
C5_crop_bce,42,Fibrosis,0.015127580027985017,0.0696297741709158,0.007127749008585288,0.9122632106494348,0.2226090608560772,"[16087, 133, 36, 15, 10, 4, 1, 0, 0, 0]"
C5_crop_bce,42,Pleural_Thickening,0.02823424058355372,0.11613775995204402,0.008926324243919934,0.7776099199399508,-0.8050758176686378,"[14737, 861, 342, 197, 93, 31, 19, 5, 1, 0]"
C5_crop_bce,42,Hernia,0.0012619689762334392,0.007530581995808966,0.0009489817057692496,0.946416535139633,-0.7599110287044023,"[16243, 18, 9, 4, 5, 2, 2, 3, 0, 0]"
C5_crop_bce,123,Atelectasis,0.07677293699969241,0.2607709377394358,0.008933451910684025,0.9098708638835107,-0.12464260095060928,"[11177, 2562, 1203, 592, 341, 195, 121, 69, 25, 1]"
C5_crop_bce,123,Cardiomegaly,0.01806272373728638,0.07337111103365551,0.00425574888932089,0.9994655841546536,-0.2240161012815905,"[15339, 506, 188, 110, 59, 33, 22, 19, 10, 0]"
C5_crop_bce,123,Effusion,0.06715446973086574,0.2277080146023694,0.014954912167647057,0.9168625108866713,0.09916052921642571,"[12221, 1492, 787, 508, 400, 320, 273, 201, 79, 5]"
C5_crop_bce,123,Infiltration,0.1250856274679929,0.4032663771344594,0.024990897789266848,0.7965114633150839,-0.44620351754802484,"[5468, 5785, 2175, 1101, 719, 535, 401, 102, 0, 0]"
C5_crop_bce,123,Mass,0.04012515738877466,0.15168629796933247,0.03837931775079209,0.9405363529926266,-0.9268624297701571,"[12596, 1798, 678, 354, 257, 173, 130, 138, 122, 40]"
C5_crop_bce,123,Nodule,0.04520033611133946,0.17162908653972844,0.0068891003644725515,0.8957565505576385,-0.36117712641111427,"[13651, 1360, 594, 280, 179, 148, 63, 10, 1, 0]"
C5_crop_bce,123,Pneumonia,0.01135230332537298,0.056978840489646805,0.0023577924010069976,1.1293678209984095,0.2924927746834167,"[16201, 84, 1, 0, 0, 0, 0, 0, 0, 0]"
C5_crop_bce,123,Pneumothorax,0.03962703452497289,0.14264976326605644,0.005042083840322975,0.9221661539579893,-0.13738582720265363,"[14153, 847, 404, 317, 241, 167, 99, 42, 14, 2]"
C5_crop_bce,123,Consolidation,0.03442693020903283,0.13825257732955298,0.0009147164420115458,0.9155336347785191,-0.21421478546515837,"[14328, 1657, 281, 20, 0, 0, 0, 0, 0, 0]"
C5_crop_bce,123,Edema,0.016110293030741997,0.06462249571926941,0.0022941266016643126,1.0124844146147622,0.15248907584122007,"[15543, 493, 182, 47, 14, 7, 0, 0, 0, 0]"
C5_crop_bce,123,Emphysema,0.018355840379546937,0.07007773347878764,0.004541199963342748,1.0440705347115058,0.2552751657575209,"[15647, 218, 112, 95, 56, 63, 41, 38, 14, 2]"
C5_crop_bce,123,Fibrosis,0.01522635222480091,0.06930186162734282,0.005749128165903844,1.1104081780475545,0.8828469437443766,"[16138, 127, 16, 5, 0, 0, 0, 0, 0, 0]"
C5_crop_bce,123,Pleural_Thickening,0.030962729950052132,0.12766365372466396,0.03195266785930248,0.8798783981546499,-1.0832113269521886,"[13426, 1540, 712, 345, 188, 66, 5, 3, 1, 0]"
C5_crop_bce,123,Hernia,0.0013070202668187653,0.008043104798126078,0.001126516333700786,1.1003815758055016,-0.1590262424037609,"[16257, 17, 4, 3, 3, 2, 0, 0, 0, 0]"
C5_crop_bce,2026,Atelectasis,0.07809135019747526,0.264980006427559,0.02089981411455238,0.7952695721771578,-0.2454169443004134,"[12041, 1918, 875, 523, 355, 266, 165, 96, 40, 7]"
C5_crop_bce,2026,Cardiomegaly,0.018416288366850365,0.07421188951605809,0.0025299814497113473,0.8900644241871429,-0.366561289672086,"[15395, 456, 192, 88, 57, 49, 17, 18, 13, 1]"
C5_crop_bce,2026,Effusion,0.0688331005722174,0.23141108772141744,0.008503605485964023,0.9021475300031628,-0.17557648251761265,"[11729, 1666, 827, 541, 383, 368, 287, 235, 215, 35]"
C5_crop_bce,2026,Infiltration,0.12347994448995885,0.4020017719461519,0.022712633972853995,0.8778995127164915,-0.020429403340488064,"[7642, 5190, 1817, 855, 486, 227, 61, 8, 0, 0]"
C5_crop_bce,2026,Mass,0.03657343071319792,0.13787132099873514,0.01084178794413914,0.7916693939990893,-0.5379238079812629,"[14362, 744, 316, 217, 166, 140, 124, 112, 81, 24]"
C5_crop_bce,2026,Nodule,0.045174007011294176,0.1732746501477464,0.013986177690273858,0.8892506753902362,0.03809809275439453,"[14723, 784, 313, 214, 135, 77, 29, 8, 3, 0]"
C5_crop_bce,2026,Pneumonia,0.011357810433390604,0.05750763460141503,0.00244003593300135,0.9024567458518546,-0.16615528958619571,"[16217, 66, 3, 0, 0, 0, 0, 0, 0, 0]"
C5_crop_bce,2026,Pneumothorax,0.041306939637079584,0.14586128074894628,0.013659959844379836,0.7808207640105693,-0.5432579050952505,"[14086, 740, 359, 249, 240, 209, 183, 129, 77, 14]"
C5_crop_bce,2026,Consolidation,0.035020472227235304,0.14035398839289634,0.0061645592613410296,0.8525089819599203,-0.4988709018619828,"[14228, 1467, 424, 124, 35, 7, 1, 0, 0, 0]"
C5_crop_bce,2026,Edema,0.015834883255605683,0.06384789088588569,0.001564568948501167,0.956757291646848,-0.19743750163224016,"[15456, 475, 180, 98, 36, 20, 17, 3, 1, 0]"
C5_crop_bce,2026,Emphysema,0.018560443133070766,0.06951374842994024,0.006118899022420853,0.8691378864381332,-0.248427660745041,"[15536, 228, 116, 83, 87, 58, 74, 49, 41, 14]"
C5_crop_bce,2026,Fibrosis,0.015201497327693287,0.06823758607467068,0.003524549381265502,0.9936295086133616,0.17976969232361584,"[15996, 229, 37, 14, 7, 3, 0, 0, 0, 0]"
C5_crop_bce,2026,Pleural_Thickening,0.02737619402175588,0.11457840493961521,0.01057154051409861,0.8999265803498697,0.12981830377050574,"[15609, 502, 124, 37, 9, 1, 3, 1, 0, 0]"
C5_crop_bce,2026,Hernia,0.001140789380415937,0.006685797791818241,0.0005814596551218532,1.0451046597447302,0.6440745356303261,"[16272, 4, 1, 3, 0, 3, 0, 1, 2, 0]"
C6_full_combined,42,Atelectasis,0.07774354930717388,0.26570416942220415,0.027508938748360558,0.8896741361541562,0.15826586320658587,"[12702, 1861, 789, 405, 226, 151, 87, 42, 23, 0]"
C6_full_combined,42,Cardiomegaly,0.01949010772916124,0.07708898419747538,0.015672811632207413,0.9463490578609557,-0.8081577023040146,"[14795, 719, 294, 172, 129, 74, 47, 30, 25, 1]"
C6_full_combined,42,Effusion,0.0679140087814647,0.22898019096166006,0.009249354540623853,0.9129064543211745,-0.03324015223371591,"[11984, 1448, 825, 538, 442, 400, 336, 243, 70, 0]"
C6_full_combined,42,Infiltration,0.12419652678162801,0.4032030244279726,0.022230213888646686,0.9916310584710156,-0.1824114174195896,"[4294, 6593, 2901, 1292, 807, 329, 65, 5, 0, 0]"
C6_full_combined,42,Mass,0.036108396992765183,0.1386177090885454,0.0121651361878239,0.9489902068488261,0.25130537031968186,"[14941, 628, 246, 169, 110, 75, 68, 41, 8, 0]"
C6_full_combined,42,Nodule,0.04549024715438313,0.17728529173002242,0.01894704598956773,0.9022701534923776,0.22802925397090573,"[15068, 641, 233, 124, 92, 86, 33, 8, 1, 0]"
C6_full_combined,42,Pneumonia,0.011414881503294788,0.057903028354837995,0.0003509289964085737,0.8835402850645848,-0.4803736619352455,"[16180, 105, 1, 0, 0, 0, 0, 0, 0, 0]"
C6_full_combined,42,Pneumothorax,0.03844151423497549,0.1383737702161687,0.009343161334535796,0.8667886468037999,-0.13205559581364432,"[14471, 609, 330, 233, 214, 163, 156, 81, 27, 2]"
C6_full_combined,42,Consolidation,0.034687054020917665,0.14049509817198808,0.009448552165594992,0.8611561535567186,-0.12335382790226516,"[15035, 1105, 133, 12, 1, 0, 0, 0, 0, 0]"
C6_full_combined,42,Edema,0.015803359380137775,0.0629710742636513,0.0016311453517398363,0.9758988337795268,-0.1655081880143487,"[15416, 482, 209, 114, 41, 13, 10, 1, 0, 0]"
C6_full_combined,42,Emphysema,0.01899356022790666,0.07251876014645202,0.006329805924914037,0.8369583211464652,-0.39889838337025024,"[15495, 219, 130, 95, 86, 84, 64, 58, 45, 10]"
C6_full_combined,42,Fibrosis,0.015272479084919022,0.07038251900583602,0.00657157662139015,1.0932619242410722,0.9122128531008858,"[16167, 100, 19, 0, 0, 0, 0, 0, 0, 0]"
C6_full_combined,42,Pleural_Thickening,0.02778854996503116,0.11483883962794787,0.006315558043006878,0.844605121434571,-0.5739810830365598,"[14775, 985, 336, 125, 48, 9, 6, 1, 1, 0]"
C6_full_combined,42,Hernia,0.0013011815519289426,0.007476009544022291,0.0005231459585611568,1.1903363222055083,0.6605216711133292,"[16265, 12, 4, 5, 0, 0, 0, 0, 0, 0]"
C6_full_combined,123,Atelectasis,0.07679582286063741,0.26076983187635794,0.006665611100509645,0.9186867292101182,-0.16073709179430506,"[10861, 2680, 1298, 656, 372, 223, 113, 62, 20, 1]"
C6_full_combined,123,Cardiomegaly,0.017959524891605655,0.07185672422237357,0.002416204106283924,0.9809652856210987,-0.14315093139512877,"[15413, 465, 183, 86, 56, 32, 29, 17, 5, 0]"
C6_full_combined,123,Effusion,0.06759368016951052,0.2300988304447205,0.017766740685633057,0.8921345783199511,0.10703596356192877,"[12329, 1462, 736, 526, 373, 321, 248, 198, 88, 5]"
C6_full_combined,123,Infiltration,0.12481026327504244,0.4029103255225601,0.025623743346831623,0.7736593809172108,-0.4290942870780814,"[6116, 5421, 2023, 1074, 659, 499, 400, 93, 1, 0]"
C6_full_combined,123,Mass,0.03982613729489181,0.15085112904977155,0.034821117770477715,0.9187758922376608,-0.8944641239328183,"[12752, 1673, 671, 379, 245, 154, 155, 121, 97, 39]"
C6_full_combined,123,Nodule,0.04619443641174466,0.17421155753999418,0.011214904511691022,0.839921924100517,-0.5468050028839617,"[13387, 1480, 611, 319, 196, 186, 79, 24, 4, 0]"
C6_full_combined,123,Pneumonia,0.011364162158302334,0.057140199072248044,0.0018576610198821062,1.0896926417632675,0.18503861413127326,"[16200, 84, 2, 0, 0, 0, 0, 0, 0, 0]"
C6_full_combined,123,Pneumothorax,0.039631821565772024,0.14128452424216031,0.00600258046648778,0.9303727302037845,-0.22256407239090104,"[14039, 846, 436, 303, 275, 200, 116, 48, 20, 3]"
C6_full_combined,123,Consolidation,0.034505993834017805,0.13889994752670165,0.0018210101022780303,0.916851955114962,-0.17012296591143375,"[14498, 1591, 182, 15, 0, 0, 0, 0, 0, 0]"
C6_full_combined,123,Edema,0.016150069318526906,0.0649710430183614,0.0044376884991898565,1.0095476641798273,0.34094895298711697,"[15688, 436, 109, 32, 15, 6, 0, 0, 0, 0]"
C6_full_combined,123,Emphysema,0.0186108040993322,0.07129008631316826,0.0047951975011199825,1.00041719395996,0.09116662945478829,"[15618, 240, 100, 86, 70, 62, 40, 45, 23, 2]"
C6_full_combined,123,Fibrosis,0.015244514188519603,0.06979141620300608,0.006658077823515904,1.0612902104238344,0.7908690286564537,"[16142, 125, 13, 5, 1, 0, 0, 0, 0, 0]"
C6_full_combined,123,Pleural_Thickening,0.03180488949556476,0.12988266942760188,0.034728442832776624,0.8373884495836958,-1.2172728442438323,"[13230, 1622, 706, 361, 234, 109, 20, 4, 0, 0]"
C6_full_combined,123,Hernia,0.001362404075210663,0.008150424346342803,0.0008429411839184578,1.0673699395705418,-0.1548984508151624,"[16253, 19, 5, 7, 0, 0, 2, 0, 0, 0]"
C6_full_combined,2026,Atelectasis,0.07667666267294955,0.2605508640900751,0.014784954184821314,0.846797492753039,-0.18289174337062641,"[11665, 2131, 1016, 598, 391, 233, 146, 79, 22, 5]"
C6_full_combined,2026,Cardiomegaly,0.018236024576455775,0.07462815504593763,0.0029432388560026402,0.90249825728044,-0.22752912933012956,"[15552, 393, 140, 73, 51, 28, 22, 16, 11, 0]"
C6_full_combined,2026,Effusion,0.0692320464965515,0.2338464152836355,0.018528406364767287,0.9661590630376802,0.23083376789414065,"[12319, 1634, 763, 483, 339, 284, 232, 177, 55, 0]"
C6_full_combined,2026,Infiltration,0.12293450418736285,0.3989914895879626,0.014241255608817395,0.8759456718573646,-0.15593441771402689,"[6539, 5614, 1792, 1167, 746, 394, 33, 1, 0, 0]"
C6_full_combined,2026,Mass,0.03572123616399399,0.13595014295485625,0.011670460214785709,1.0495890479809755,-0.18224124405295292,"[13867, 1204, 435, 287, 210, 110, 99, 47, 26, 1]"
C6_full_combined,2026,Nodule,0.04474964543162392,0.17099671497004165,0.009742219093086084,1.1560843491985429,0.3011456179579076,"[14200, 1257, 423, 197, 127, 62, 19, 1, 0, 0]"
C6_full_combined,2026,Pneumonia,0.011388141482433249,0.05753820470785431,0.0018086998677035494,0.9875485305027959,-0.20397224782513337,"[16228, 58, 0, 0, 0, 0, 0, 0, 0, 0]"
C6_full_combined,2026,Pneumothorax,0.03943111769022716,0.14240544432732655,0.00979443024118077,0.9344444010912991,0.03626597907491851,"[14521, 671, 344, 262, 181, 143, 96, 46, 19, 3]"
C6_full_combined,2026,Consolidation,0.03493146794737553,0.1396140782133033,0.0077009031832862606,0.873806730085238,-0.5092401269891118,"[13868, 1771, 534, 101, 11, 1, 0, 0, 0, 0]"
C6_full_combined,2026,Edema,0.01590586303098039,0.06507938453713152,0.005553233218798353,1.2012628107344578,0.21285756245216145,"[15299, 668, 214, 71, 19, 12, 3, 0, 0, 0]"
C6_full_combined,2026,Emphysema,0.018919118791972347,0.07283956973834041,0.00975905646881954,0.8758995824905983,0.0737809667912337,"[15734, 142, 98, 72, 48, 57, 45, 32, 47, 11]"
C6_full_combined,2026,Fibrosis,0.015080249044343096,0.0672833661178411,0.0008820037082537142,1.0379893914795437,0.0736372109343974,"[15861, 318, 76, 23, 7, 1, 0, 0, 0, 0]"
C6_full_combined,2026,Pleural_Thickening,0.02787750963181825,0.11507056978083201,0.009384453386933566,0.9243737568370735,-0.4972298370287485,"[14638, 1076, 348, 163, 50, 8, 3, 0, 0, 0]"
C6_full_combined,2026,Hernia,0.0013021086322626992,0.007609363397360801,0.0006582501572047768,1.2560600380364169,0.9268396119727107,"[16268, 13, 2, 1, 2, 0, 0, 0, 0, 0]"
